Workbook

Sheet data
A1: Nombre | B1: Código | C1: Programa | D1: Login | E1: Fecha de nacimiento | F1: Tipo de documento | G1: Cédula de ciudadanía | H1: Teléfono de contacto | I1: Dirección | J1: Código del curso | K1: Curso | L1: Sección | M1: Lista cruzada | N1: periodFragment | O1: Nombre Profesor | P1: Usuario del profesor | Q1: Horas monitoría | R1: Créditos monitoría | S1: Créditos inscritos | T1: PGA | U1: Semestre según créditos | V1: Estado de aplicación | W1: Documentos cargados

Sheet plantillaMonitores
A1: CODIGO | B1: NOMBRE | C1: MATERIA | D1: SECCION
A2: =IF(data!B2="","",data!B2) | B2: =IF(data!A2="","",data!A2) | C2: =IF(data!J2="","",data!J2) | D2: =IF(data!L2="","",data!L2)
A3: =IF(data!B3="","",data!B3) | B3: =IF(data!A3="","",data!A3) | C3: =IF(data!J3="","",data!J3) | D3: =IF(data!L3="","",data!L3)
A4: =IF(data!B4="","",data!B4) | B4: =IF(data!A4="","",data!A4) | C4: =IF(data!J4="","",data!J4) | D4: =IF(data!L4="","",data!L4)
A5: =IF(data!B5="","",data!B5) | B5: =IF(data!A5="","",data!A5) | C5: =IF(data!J5="","",data!J5) | D5: =IF(data!L5="","",data!L5)
A6: =IF(data!B6="","",data!B6) | B6: =IF(data!A6="","",data!A6) | C6: =IF(data!J6="","",data!J6) | D6: =IF(data!L6="","",data!L6)
A7: =IF(data!B7="","",data!B7) | B7: =IF(data!A7="","",data!A7) | C7: =IF(data!J7="","",data!J7) | D7: =IF(data!L7="","",data!L7)
A8: =IF(data!B8="","",data!B8) | B8: =IF(data!A8="","",data!A8) | C8: =IF(data!J8="","",data!J8) | D8: =IF(data!L8="","",data!L8)
A9: =IF(data!B9="","",data!B9) | B9: =IF(data!A9="","",data!A9) | C9: =IF(data!J9="","",data!J9) | D9: =IF(data!L9="","",data!L9)
A10: =IF(data!B10="","",data!B10) | B10: =IF(data!A10="","",data!A10) | C10: =IF(data!J10="","",data!J10) | D10: =IF(data!L10="","",data!L10)
A11: =IF(data!B11="","",data!B11) | B11: =IF(data!A11="","",data!A11) | C11: =IF(data!J11="","",data!J11) | D11: =IF(data!L11="","",data!L11)
A12: =IF(data!B12="","",data!B12) | B12: =IF(data!A12="","",data!A12) | C12: =IF(data!J12="","",data!J12) | D12: =IF(data!L12="","",data!L12)
A13: =IF(data!B13="","",data!B13) | B13: =IF(data!A13="","",data!A13) | C13: =IF(data!J13="","",data!J13) | D13: =IF(data!L13="","",data!L13)
... A1080: =IF(data!B1080="","",data!B1080) | B1080: =IF(data!A1080="","",data!A1080) | C1080: =IF(data!J1080="","",data!J1080) | D1080: =IF(data!L1080="","",data!L1080)
